DATE,FACEBOOK,INSTAGRAM,TWITTER,QUORA,LINKEDIN,REDDIT,SNAPCHAT,YOUTUBE,TIKTOK,EMAIL,OTHER,INDEX
28-05-2021,0,0,0,0,0,0,0,0,0,0,0,0
29-05-2021,0,0,0,0,0,0,0,0,0,0,0,1
30-05-2021,0,0,0,0,0,0,0,0,0,0,0,2
31-05-2021,0,0,0,0,0,0,0,0,0,0,0,3
01-06-2021,0,0,0,0,0,0,0,0,0,0,0,4
02-06-2021,0,0,0,0,0,0,0,0,0,0,0,5
03-06-2021,0,0,0,0,0,0,0,0,0,0,0,6
04-06-2021,0,0,0,0,0,0,0,0,0,0,0,7
05-06-2021,0,0,0,0,0,0,0,0,0,0,0,8
06-06-2021,0,0,0,0,0,0,0,0,0,0,0,9
07-06-2021,0,0,0,0,0,0,0,0,0,0,0,10
08-06-2021,0,0,0,0,0,0,0,0,0,0,0,11
09-06-2021,0,0,0,0,0,0,0,0,0,0,0,12
10-06-2021,0,0,0,0,0,0,0,0,0,0,0,13
11-06-2021,0,0,0,0,0,0,0,0,0,0,0,14
12-06-2021,0,0,0,0,0,0,0,0,0,0,0,15
13-06-2021,0,0,0,0,0,0,0,0,0,0,0,16
14-06-2021,0,0,0,0,0,0,0,0,0,0,0,17
15-06-2021,0,0,0,0,0,0,0,0,0,0,0,18
16-06-2021,0,0,0,0,0,0,0,0,0,0,0,19
17-06-2021,0,0,0,0,0,0,0,0,0,0,0,20
18-06-2021,0,0,0,0,0,0,0,0,0,0,0,21
19-06-2021,0,0,0,0,0,0,0,0,0,0,0,22
20-06-2021,0,0,0,0,0,0,0,0,0,0,0,23
21-06-2021,0,0,0,0,0,0,0,0,0,0,0,24
22-06-2021,0,0,0,0,0,0,0,0,0,0,0,25
23-06-2021,0,0,0,0,0,0,0,0,0,0,0,26
24-06-2021,0,0,0,0,0,0,0,0,0,0,0,27
25-06-2021,0,0,0,0,0,0,0,0,0,0,0,28
26-06-2021,0,0,0,0,0,0,0,0,0,0,0,29
27-06-2021,0,0,0,0,0,0,0,0,0,0,0,30
30-06-2021,0,0,0,0,0,0,0,0,0,0,0,31
01-07-2021,0,0,0,0,0,0,0,0,0,0,0,32
02-07-2021,0,0,0,0,0,0,0,0,0,0,0,33
03-07-2021,0,0,0,0,0,0,0,0,0,0,0,34
04-07-2021,0,0,0,0,0,0,0,0,0,0,0,35
06-07-2021,0,0,0,0,0,0,0,0,0,0,0,36
07-07-2021,0,0,0,0,0,0,0,0,0,0,0,37
08-07-2021,0,0,0,0,0,0,0,0,0,0,0,38
09-07-2021,0,0,0,0,0,0,0,0,0,0,0,39
11-07-2021,0,0,0,0,0,0,0,0,0,0,0,40
12-07-2021,0,0,0,0,0,0,0,0,0,0,0,41
13-07-2021,0,0,0,0,0,0,0,0,0,0,0,42
14-07-2021,0,0,0,0,0,0,0,0,0,0,0,43
15-07-2021,0,0,0,0,0,0,0,0,0,0,0,44
17-07-2021,0,0,0,0,0,0,0,0,0,0,0,45
18-07-2021,0,0,0,0,0,0,0,0,0,0,0,46
19-07-2021,0,0,0,0,0,0,0,0,0,0,0,47
20-07-2021,0,0,0,0,0,0,0,0,0,0,0,48
21-07-2021,0,0,0,0,0,0,0,0,0,0,0,49
22-07-2021,0,0,0,0,0,0,0,0,0,0,0,50
23-07-2021,0,0,0,0,0,0,0,0,0,0,0,51
27-07-2021,0,0,0,0,0,0,0,0,0,0,0,52
29-07-2021,0,0,0,0,0,0,0,0,0,0,0,53
30-07-2021,0,0,0,0,0,0,0,0,0,0,0,54
02-08-2021,0,0,0,0,0,0,0,0,0,0,0,55
03-08-2021,0,0,0,0,0,0,0,0,0,0,0,56
04-08-2021,0,0,0,0,0,0,0,0,0,0,0,57
05-08-2021,0,0,0,0,0,0,0,0,0,0,0,58
08-08-2021,0,0,0,0,0,0,0,0,0,0,0,59
09-08-2021,0,0,0,0,0,0,0,0,0,0,0,60
12-08-2021,0,0,0,0,0,0,0,0,0,0,0,61
14-08-2021,0,0,0,0,0,0,0,0,0,0,0,62
21-08-2021,0,0,0,0,0,0,0,0,0,0,0,63
23-08-2021,0,0,0,0,0,0,0,0,0,0,0,64
24-08-2021,0,0,0,0,0,0,0,0,0,0,0,65
25-08-2021,0,0,0,0,0,0,0,0,0,0,0,66
26-08-2021,0,0,0,0,0,0,0,0,0,0,0,67
29-08-2021,0,0,0,0,0,0,0,0,0,0,0,68
05-09-2021,0,0,0,0,0,0,0,0,0,0,0,69
06-09-2021,0,0,0,0,0,0,0,0,0,0,0,70
10-09-2021,0,0,0,0,0,0,0,0,0,0,0,71
15-09-2021,0,0,0,0,0,0,0,0,0,0,0,72
16-09-2021,0,0,0,0,0,0,0,0,0,0,0,73
17-09-2021,0,0,0,0,0,0,0,0,0,0,0,74
19-09-2021,0,0,0,0,0,0,0,0,0,0,0,75
20-09-2021,0,0,0,0,0,0,0,0,0,0,0,76
20-04-2021,0,0,0,0,0,0,0,0,0,0,0,77
21-04-2021,0,0,0,0,0,0,0,0,0,0,0,78
22-04-2021,0,0,0,0,0,0,0,0,0,0,0,79
23-04-2021,0,0,0,0,0,0,0,0,0,0,0,80
24-04-2021,0,0,0,0,0,0,0,0,0,0,0,81
25-04-2021,0,0,0,0,0,0,0,0,0,0,0,82
26-04-2021,0,0,0,0,0,0,0,0,0,0,0,83
27-04-2021,0,0,0,0,0,0,0,0,0,0,0,84
28-04-2021,0,0,0,0,0,0,0,0,0,0,0,85
29-04-2021,0,0,0,0,0,0,0,0,0,0,0,86
30-04-2021,0,0,0,0,0,0,0,0,0,0,0,87
01-05-2021,0,0,0,0,0,0,0,0,0,0,0,88
02-05-2021,0,0,0,0,0,0,0,0,0,0,0,89
05-05-2021,0,0,0,0,0,0,0,0,0,0,0,90
07-05-2021,0,0,0,0,0,0,0,0,0,0,0,91
12-05-2021,0,0,0,0,0,0,0,0,0,0,0,92
14-05-2021,0,0,0,0,0,0,0,0,0,0,0,93
17-05-2021,0,0,0,0,0,0,0,0,0,0,0,94
19-05-2021,0,0,0,0,0,0,0,0,0,0,0,95
21-05-2021,0,0,0,0,0,0,0,0,0,0,0,96
23-05-2021,0,0,0,0,0,0,0,0,0,0,0,97
26-05-2021,0,0,0,0,0,0,0,0,0,0,0,98
28-06-2021,0,0,0,0,0,0,0,0,0,0,0,99
01-08-2021,0,0,0,0,0,0,0,0,0,0,0,100
10-08-2021,0,0,0,0,0,0,0,0,0,0,0,101
27-08-2021,0,0,0,0,0,0,0,0,0,0,0,102
28-08-2021,0,0,0,0,0,0,0,0,0,0,0,103
31-08-2021,0,0,0,0,0,0,0,0,0,0,0,104
01-09-2021,0,0,0,0,0,0,0,0,0,0,0,105
11-09-2021,0,0,0,0,0,0,0,0,0,0,0,106
12-09-2021,0,0,0,0,0,0,0,0,0,0,0,107
29-06-2021,0,0,0,0,0,0,0,0,0,0,0,108
05-07-2021,0,0,0,0,0,0,0,0,0,0,0,109
10-07-2021,0,0,0,0,0,0,0,0,0,0,0,110
16-07-2021,0,0,0,0,0,0,0,0,0,0,0,111
24-07-2021,0,0,0,0,0,0,0,0,0,0,0,112
25-07-2021,0,0,0,0,0,0,0,0,0,0,0,113
26-07-2021,0,0,0,0,0,0,0,0,0,0,0,114
28-07-2021,0,0,0,0,0,0,0,0,0,0,0,115
31-07-2021,0,0,0,0,0,0,0,0,0,0,0,116
06-08-2021,0,0,0,0,0,0,0,0,0,0,0,117
07-08-2021,0,0,0,0,0,0,0,0,0,0,0,118
11-08-2021,0,0,0,0,0,0,0,0,0,0,0,119
13-08-2021,0,0,0,0,0,0,0,0,0,0,0,120
15-08-2021,0,0,0,0,0,0,0,0,0,0,0,121
16-08-2021,0,0,0,0,0,0,0,0,0,0,0,122
17-08-2021,0,0,0,0,0,0,0,0,0,0,0,123
18-08-2021,0,0,0,0,0,0,0,0,0,0,0,124
19-08-2021,0,0,0,0,0,0,0,0,0,0,0,125
20-08-2021,0,0,0,0,0,0,0,0,0,0,0,126
22-08-2021,0,0,0,0,0,0,0,0,0,0,0,127
30-08-2021,0,0,0,0,0,0,0,0,0,0,0,128
02-09-2021,0,0,0,0,0,0,0,0,0,0,0,129
03-09-2021,0,0,0,0,0,0,0,0,0,0,0,130
07-09-2021,0,0,0,0,0,0,0,0,0,0,0,131
08-09-2021,0,0,0,0,0,0,0,0,0,0,0,132
09-09-2021,0,0,0,0,0,0,0,0,0,0,0,133
14-09-2021,0,0,0,0,0,0,0,0,0,0,0,134
18-09-2021,0,0,0,0,0,0,0,0,0,0,0,135
21-09-2021,0,0,0,0,0,0,0,0,0,0,0,136
04-09-2021,0,0,0,0,0,0,0,0,0,0,0,137
13-09-2021,0,0,0,0,0,0,0,0,0,0,0,138
22-09-2021,0,0,0,0,0,0,0,0,0,0,0,139
11-03-2021,0,0,0,0,0,0,0,0,0,0,0,140
13-03-2021,0,0,0,0,0,0,0,0,0,0,0,141
15-03-2021,0,0,0,0,0,0,0,0,0,0,0,142
16-03-2021,0,0,0,0,0,0,0,0,0,0,0,143
17-03-2021,0,0,0,0,0,0,0,0,0,0,0,144
19-03-2021,0,0,0,0,0,0,0,0,0,0,0,145
21-03-2021,0,0,0,0,0,0,0,0,0,0,0,146
23-03-2021,0,0,0,0,0,0,0,0,0,0,0,147
24-03-2021,0,0,0,0,0,0,0,0,0,0,0,148
25-03-2021,0,0,0,0,0,0,0,0,0,0,0,149
26-03-2021,0,0,0,0,0,0,0,0,0,0,0,150
28-03-2021,0,0,0,0,0,0,0,0,0,0,0,151
29-03-2021,0,0,0,0,0,0,0,0,0,0,0,152
04-04-2021,0,0,0,0,0,0,0,0,0,0,0,153
06-04-2021,0,0,0,0,0,0,0,0,0,0,0,154
09-04-2021,0,0,0,0,0,0,0,0,0,0,0,155
13-05-2021,0,0,0,0,0,0,0,0,0,0,0,156
16-05-2021,0,0,0,0,0,0,0,0,0,0,0,157
18-05-2021,0,0,0,0,0,0,0,0,0,0,0,158
20-05-2021,0,0,0,0,0,0,0,0,0,0,0,159
22-05-2021,0,0,0,0,0,0,0,0,0,0,0,160
24-05-2021,0,0,0,0,0,0,0,0,0,0,0,161
25-05-2021,0,0,0,0,0,0,0,0,0,0,0,162
27-05-2021,0,0,0,0,0,0,0,0,0,0,0,163
04-05-2021,0,0,0,0,0,0,0,0,0,0,0,164
08-05-2021,0,0,0,0,0,0,0,0,0,0,0,165
09-05-2021,0,0,0,0,0,0,0,0,0,0,0,166
10-05-2021,0,0,0,0,0,0,0,0,0,0,0,167
11-05-2021,0,0,0,0,0,0,0,0,0,0,0,168
15-05-2021,0,0,0,0,0,0,0,0,0,0,0,169
18-03-2021,0,0,0,0,0,0,0,0,0,0,0,170
20-03-2021,0,0,0,0,0,0,0,0,0,0,0,171
22-03-2021,0,0,0,0,0,0,0,0,0,0,0,172
27-03-2021,0,0,0,0,0,0,0,0,0,0,0,173
30-03-2021,0,0,0,0,0,0,0,0,0,0,0,174
31-03-2021,0,0,0,0,0,0,0,0,0,0,0,175
01-04-2021,0,0,0,0,0,0,0,0,0,0,0,176
02-04-2021,0,0,0,0,0,0,0,0,0,0,0,177
03-04-2021,0,0,0,0,0,0,0,0,0,0,0,178
05-04-2021,0,0,0,0,0,0,0,0,0,0,0,179
07-04-2021,0,0,0,0,0,0,0,0,0,0,0,180
08-04-2021,0,0,0,0,0,0,0,0,0,0,0,181
10-04-2021,0,0,0,0,0,0,0,0,0,0,0,182
11-04-2021,0,0,0,0,0,0,0,0,0,0,0,183
12-04-2021,0,0,0,0,0,0,0,0,0,0,0,184
13-04-2021,0,0,0,0,0,0,0,0,0,0,0,185
14-04-2021,0,0,0,0,0,0,0,0,0,0,0,186
15-04-2021,0,0,0,0,0,0,0,0,0,0,0,187
16-04-2021,0,0,0,0,0,0,0,0,0,0,0,188
17-04-2021,0,0,0,0,0,0,0,0,0,0,0,189
18-04-2021,0,0,0,0,0,0,0,0,0,0,0,190
19-04-2021,0,0,0,0,0,0,0,0,0,0,0,191
03-05-2021,0,0,0,0,0,0,0,0,0,0,0,192
06-05-2021,0,0,0,0,0,0,0,0,0,0,0,193
27-09-2021,0,0,0,0,0,0,0,0,0,0,0,194
29-09-2021,0,0,0,0,0,0,0,0,0,0,0,195
23-09-2021,0,0,0,0,0,0,0,0,0,0,0,196
24-09-2021,0,0,0,0,0,0,0,0,0,0,0,197
25-09-2021,0,0,0,0,0,0,0,0,0,0,0,198
26-09-2021,0,0,0,0,0,0,0,0,0,0,0,199
28-09-2021,0,0,0,0,0,0,0,0,0,0,0,200
30-09-2021,0,0,0,0,0,0,0,0,0,0,0,201
01-10-2021,0,0,0,0,0,0,0,0,0,0,0,202
02-10-2021,0,0,0,0,0,0,0,0,0,0,0,203
03-10-2021,0,0,0,0,0,0,0,0,0,0,0,204
04-10-2021,0,0,0,0,0,0,0,0,0,0,0,205
05-10-2021,0,0,0,0,0,0,0,0,0,0,0,206
06-10-2021,0,0,0,0,0,0,0,0,0,0,0,207
07-10-2021,0,0,0,0,0,0,0,0,0,0,0,208
08-10-2021,0,0,0,0,0,0,0,0,0,0,0,209
09-10-2021,0,0,0,0,0,0,0,0,0,0,0,210
10-10-2021,0,0,0,0,0,0,0,0,0,0,0,211
11-10-2021,0,0,0,0,0,0,0,0,0,0,0,212
12-10-2021,0,0,0,0,0,0,0,0,0,0,0,213
14-10-2021,0,0,0,0,0,0,0,0,0,0,0,214
16-10-2021,0,0,0,0,0,0,0,0,0,0,0,215
17-10-2021,0,0,0,0,0,0,0,0,0,0,0,216
18-10-2021,0,0,0,0,0,0,0,0,0,0,0,217
19-10-2021,0,0,0,0,0,0,0,0,0,0,0,218
20-10-2021,0,0,0,0,0,0,0,0,0,0,0,219
21-10-2021,0,0,0,0,0,0,0,0,0,0,0,220
22-10-2021,0,0,0,0,0,0,0,0,0,0,0,221
23-10-2021,0,0,0,0,0,0,0,0,0,0,0,222
13-10-2021,0,0,0,0,0,0,0,0,0,0,0,223
15-10-2021,0,0,0,0,0,0,0,0,0,0,0,224
24-10-2021,0,0,0,0,0,0,0,0,0,0,0,225
08-03-2021,0,0,0,0,0,0,0,0,0,0,0,226
09-03-2021,0,0,0,0,0,0,0,0,0,0,0,227
10-03-2021,0,0,0,0,0,0,0,0,0,0,0,228
28-10-2021,0,0,0,0,0,0,0,0,0,0,0,229
25-10-2021,0,0,0,0,0,0,0,0,0,0,0,230
26-10-2021,0,0,0,0,0,0,0,0,0,0,0,231
27-10-2021,0,0,0,0,0,0,0,0,0,0,0,232
29-10-2021,0,0,0,0,0,0,0,0,0,0,0,233
30-10-2021,0,0,0,0,0,0,0,0,0,0,0,234
31-10-2021,0,0,0,0,0,0,0,0,0,0,0,235
01-11-2021,0,0,0,0,0,0,0,0,0,0,0,236
02-11-2021,0,0,0,0,0,0,0,0,0,0,0,237
05-11-2021,0,0,15,2,0,0,0,0,0,0,0,238
06-11-2021,0,0,0,42,0,0,0,0,0,0,0,239
07-11-2021,5,0,6,8,2,0,0,0,0,0,0,240
08-11-2021,11,1,5,37,0,0,0,0,0,0,0,241
09-11-2021,8,6,24,24,1,14,6,5,0,0,0,242
10-11-2021,15,1,37,23,3,10,1,2,0,0,1,243
12-11-2021,0,0,6,14,0,0,0,0,0,0,0,244
13-11-2021,7,0,28,20,0,1,0,0,0,0,0,245
15-11-2021,9,0,15,11,2,3,0,24,0,0,0,246
16-11-2021,70,0,10,10,4,0,0,0,0,0,0,247
17-11-2021,38,10,16,7,4,0,0,0,0,0,0,248
18-11-2021,6,6,23,19,0,10,0,0,0,0,0,249
19-11-2021,23,4,9,8,0,2,0,9,0,0,0,250
20-11-2021,20,6,12,15,3,3,2,5,0,0,0,251
21-11-2021,63,11,28,13,0,3,0,1,0,0,0,252
24-11-2021,13,0,12,2,0,0,0,0,0,0,0,253
25-11-2021,30,6,39,40,3,0,3,0,0,1,1,254
26-11-2021,88,1,21,24,6,1,1,1,0,3,0,255
28-11-2021,30,1,7,10,2,3,3,15,0,2,3,256
29-11-2021,30,6,39,7,6,0,0,10,0,6,8,257
30-11-2021,75,3,42,21,8,5,0,6,0,5,25,258
01-12-2021,46,6,25,54,8,7,0,13,0,3,5,259
02-12-2021,32,2,39,53,7,11,4,10,0,10,10,260
06-12-2021,5,1,2,4,0,0,0,0,0,0,0,261
10-12-2021,8,8,8,10,13,2,0,6,0,0,18,262
11-12-2021,1,0,2,2,0,0,0,0,0,0,0,263
11-11-2021,6,3,22,3,0,22,0,0,0,0,0,264
14-11-2021,29,0,14,13,0,1,0,0,0,0,0,265
22-11-2021,36,2,34,18,2,0,0,0,0,0,0,266
23-11-2021,43,5,7,9,6,0,0,2,0,0,0,267
27-11-2021,66,1,8,32,6,11,4,9,0,5,4,268
03-12-2021,48,16,32,6,11,4,7,6,0,8,12,269
04-12-2021,26,37,19,41,12,4,0,12,0,12,14,270
05-12-2021,82,9,15,15,12,0,0,32,0,7,46,271
08-12-2021,22,15,17,7,15,0,0,8,0,0,15,272
09-12-2021,13,6,8,1,15,0,0,7,0,0,10,273
07-12-2021,31,8,23,0,2,0,0,0,0,0,2,274
12-12-2021,17,8,14,0,14,0,0,2,0,0,8,275
13-12-2021,30,7,8,6,10,0,0,6,0,0,12,276
14-12-2021,27,15,7,2,11,0,0,9,0,0,12,277
15-12-2021,15,10,8,0,14,0,0,7,0,0,11,278
16-12-2021,0,0,0,0,6,0,0,4,0,0,6,279
17-12-2021,13,22,14,0,14,0,0,11,0,0,11,280
18-12-2021,6,10,6,0,12,0,0,11,0,0,9,281
19-12-2021,5,4,5,0,7,0,0,7,0,0,6,282
20-12-2021,5,2,0,0,0,0,0,0,0,0,1,283
21-12-2021,0,0,5,0,1,0,0,7,0,0,2,284
22-12-2021,1,0,0,5,0,0,0,0,0,0,2,285
23-12-2021,2,0,5,0,3,0,0,1,0,0,3,286
24-12-2021,6,7,6,0,2,0,0,1,0,0,4,287
25-12-2021,1,2,7,0,6,0,0,8,0,0,5,288
26-12-2021,0,4,0,0,0,10,0,0,0,0,0,289
27-12-2021,0,1,0,0,0,0,0,0,0,0,0,290
28-12-2021,0,0,0,0,0,0,0,0,0,0,0,291
29-12-2021,0,2,0,1,0,0,0,0,0,0,0,292
30-12-2021,0,4,0,17,0,1,0,0,0,0,0,293
31-12-2021,0,1,0,16,0,1,0,0,0,0,0,294
01-01-2022,0,3,0,2,0,1,0,0,0,0,0,295
02-01-2022,0,1,0,20,0,0,0,0,0,0,0,296
03-01-2022,8,2,3,17,0,60,0,0,0,0,0,297
04-01-2022,0,1,3,0,0,10,0,0,0,0,0,298
05-01-2022,0,0,5,23,0,3,0,0,0,0,0,299
06-01-2022,0,1,0,30,0,3,0,0,0,0,0,300
07-01-2022,0,0,5,23,0,3,0,0,0,0,0,301
08-01-2022,0,4,9,24,0,4,0,0,0,0,0,302
09-01-2022,0,1,0,24,0,4,0,0,0,0,0,303
10-01-2022,0,0,8,27,0,0,0,0,0,0,0,304
11-01-2022,4,0,9,22,0,2,0,0,0,0,0,305
12-01-2022,0,0,8,29,0,4,0,0,0,0,0,306
13-01-2022,0,0,10,32,0,2,0,0,0,0,0,307
14-01-2022,0,3,4,23,0,6,0,0,0,0,0,308
15-01-2022,1,1,4,28,4,1,0,0,0,0,0,309
19-01-2022,0,0,0,0,0,0,0,0,0,0,0,310
21-01-2022,0,0,0,0,0,2,0,0,0,0,0,311
22-01-2022,0,0,0,0,0,1,0,0,0,0,0,312
24-01-2022,0,0,0,0,0,0,0,0,0,0,0,313
25-01-2022,0,0,1,0,0,1,0,0,0,0,0,314
27-01-2022,0,0,0,0,0,6,0,0,0,0,0,315
28-01-2022,0,0,0,0,0,6,0,0,0,0,0,316
29-01-2022,0,0,0,0,0,5,0,0,0,0,0,317
31-01-2022,0,0,0,0,0,2,0,0,0,0,0,318
16-01-2022,0,0,0,2,0,0,0,0,0,0,0,319
